Trade number,Instrument,Account,Strategy,Market pos.,Qty,Entry price,Exit price,Entry time,Exit time,Entry name,Exit name,Profit,Cum. net profit,Commission,Clearing Fee,Exchange Fee,IP Fee,NFA Fee,MAE,MFE,ETD,Bars,
1,MCL 12-26,Backtest,EsempioTrendCL,Long,1,72.00,72.17,1/3/2024 12:15:00 PM,1/3/2024 3:05:00 PM,Entry_Long,Exit on session close,$16.50,$16.50,$0.00,$0.00,$0.00,$0.00,$0.00,$25.25,$75.45,$58.95,34,
2,MCL 12-26,Backtest,EsempioTrendCL,Long,1,70.54,72.04,1/9/2024 1:15:00 PM,1/9/2024 1:40:00 PM,Entry_Long,Profit target,$150.00,$166.50,$0.00,$0.00,$0.00,$0.00,$0.00,$9.23,$171.67,$21.67,5,
3,MCL 12-26,Backtest,EsempioTrendCL,Long,1,70.96,72.46,1/17/2024 11:45:00 AM,1/17/2024 1:00:00 PM,Entry_Long,Profit target,$150.00,$316.50,$0.00,$0.00,$0.00,$0.00,$0.00,$0.24,$180.61,$30.61,15,
4,MCL 12-26,Backtest,EsempioTrendCL,Long,1,70.13,69.53,1/18/2024 10:40:00 AM,1/18/2024 12:40:00 PM,Entry_Long,Exit on session close,($60.00),$256.50,$0.00,$0.00,$0.00,$0.00,$0.00,$60.43,$56.53,$116.53,24,
5,MCL 12-26,Backtest,EsempioTrendCL,Short,1,71.16,69.66,1/23/2024 12:25:00 PM,1/23/2024 2:10:00 PM,Entry_Short,Profit target,$150.00,$406.50,$0.00,$0.00,$0.00,$0.00,$0.00,$22.95,$178.87,$28.87,21,
6,MCL 12-26,Backtest,EsempioTrendCL,Long,1,71.45,72.95,1/24/2024 11:20:00 AM,1/24/2024 12:00:00 PM,Entry_Long,Profit target,$150.00,$556.50,$0.00,$0.00,$0.00,$0.00,$0.00,$20.75,$155.29,$5.29,8,
7,MCL 12-26,Backtest,EsempioTrendCL,Long,1,72.63,71.83,1/29/2024 9:45:00 AM,1/29/2024 10:15:00 AM,Entry_Long,Stop loss,($80.00),$476.50,$0.00,$0.00,$0.00,$0.00,$0.00,$101.05,$49.06,$129.06,6,
8,MCL 12-26,Backtest,EsempioTrendCL,Long,1,72.61,74.11,1/30/2024 1:40:00 PM,1/30/2024 3:20:00 PM,Entry_Long,Profit target,$150.00,$626.50,$0.00,$0.00,$0.00,$0.00,$0.00,$5.31,$184.78,$34.78,20,
9,MCL 12-26,Backtest,EsempioTrendCL,Long,1,72.82,74.32,2/5/2024 1:25:00 PM,2/5/2024 1:50:00 PM,Entry_Long,Profit target,$150.00,$776.50,$0.00,$0.00,$0.00,$0.00,$0.00,$14.28,$154.05,$4.05,5,
10,MCL 12-26,Backtest,EsempioTrendCL,Short,1,73.48,74.28,2/6/2024 10:15:00 AM,2/6/2024 12:45:00 PM,Entry_Short,Stop loss,($80.00),$696.50,$0.00,$0.00,$0.00,$0.00,$0.00,$91.10,$33.00,$113.00,30,
11,MCL 12-26,Backtest,EsempioTrendCL,Short,1,73.91,72.41,2/8/2024 1:30:00 PM,2/8/2024 4:30:00 PM,Entry_Short,Profit target,$150.00,$846.50,$0.00,$0.00,$0.00,$0.00,$0.00,$30.94,$167.97,$17.97,36,
12,MCL 12-26,Backtest,EsempioTrendCL,Long,1,74.63,75.51,2/12/2024 12:05:00 PM,2/12/2024 2:35:00 PM,Entry_Long,Exit on session close,$88.00,$934.50,$0.00,$0.00,$0.00,$0.00,$0.00,$11.42,$100.30,$12.30,30,
13,MCL 12-26,Backtest,EsempioTrendCL,Short,1,74.68,74.21,2/15/2024 10:55:00 AM,2/15/2024 1:40:00 PM,Entry_Short,Exit on session close,$47.00,$981.50,$0.00,$0.00,$0.00,$0.00,$0.00,$17.98,$56.99,$9.99,33,
14,MCL 12-26,Backtest,EsempioTrendCL,Long,1,75.10,75.81,2/16/2024 10:40:00 AM,2/16/2024 11:00:00 AM,Entry_Long,Exit on session close,$71.00,$1052.50,$0.00,$0.00,$0.00,$0.00,$0.00,$10.05,$98.35,$27.35,4,
15,MCL 12-26,Backtest,EsempioTrendCL,Long,1,73.75,75.25,2/22/2024 10:55:00 AM,2/22/2024 12:05:00 PM,Entry_Long,Profit target,$150.00,$1202.50,$0.00,$0.00,$0.00,$0.00,$0.00,$10.21,$154.59,$4.59,14,
16,MCL 12-26,Backtest,EsempioTrendCL,Long,1,74.93,74.95,2/23/2024 11:30:00 AM,2/23/2024 12:50:00 PM,Entry_Long,Exit on session close,$2.00,$1204.50,$0.00,$0.00,$0.00,$0.00,$0.00,$0.08,$46.41,$44.41,16,
17,MCL 12-26,Backtest,EsempioTrendCL,Short,1,74.53,73.03,2/29/2024 11:50:00 AM,2/29/2024 12:20:00 PM,Entry_Short,Profit target,$150.00,$1354.50,$0.00,$0.00,$0.00,$0.00,$0.00,$7.98,$190.44,$40.44,6,
18,MCL 12-26,Backtest,EsempioTrendCL,Long,1,76.10,77.60,3/13/2024 11:35:00 AM,3/13/2024 2:10:00 PM,Entry_Long,Profit target,$150.00,$1504.50,$0.00,$0.00,$0.00,$0.00,$0.00,$5.24,$197.02,$47.02,31,
19,MCL 12-26,Backtest,EsempioTrendCL,Long,1,76.73,78.23,3/18/2024 11:30:00 AM,3/18/2024 1:25:00 PM,Entry_Long,Profit target,$150.00,$1654.50,$0.00,$0.00,$0.00,$0.00,$0.00,$4.31,$188.93,$38.93,23,
20,MCL 12-26,Backtest,EsempioTrendCL,Long,1,77.44,76.64,3/20/2024 11:45:00 AM,3/20/2024 12:35:00 PM,Entry_Long,Stop loss,($80.00),$1574.50,$0.00,$0.00,$0.00,$0.00,$0.00,$98.83,$43.34,$123.34,10,
21,MCL 12-26,Backtest,EsempioTrendCL,Long,1,76.47,76.49,3/21/2024 1:15:00 PM,3/21/2024 2:40:00 PM,Entry_Long,Exit on session close,$2.00,$1576.50,$0.00,$0.00,$0.00,$0.00,$0.00,$23.52,$31.35,$29.35,17,
22,MCL 12-26,Backtest,EsempioTrendCL,Long,1,77.36,78.31,4/5/2024 11:15:00 AM,4/5/2024 11:45:00 AM,Entry_Long,Exit on session close,$95.00,$1671.50,$0.00,$0.00,$0.00,$0.00,$0.00,$12.97,$112.35,$17.35,6,
23,MCL 12-26,Backtest,EsempioTrendCL,Short,1,76.74,75.81,4/17/2024 11:00:00 AM,4/17/2024 1:50:00 PM,Entry_Short,Exit on session close,$93.00,$1764.50,$0.00,$0.00,$0.00,$0.00,$0.00,$2.86,$111.50,$18.50,34,
24,MCL 12-26,Backtest,EsempioTrendCL,Long,1,78.07,78.54,4/18/2024 12:05:00 PM,4/18/2024 1:40:00 PM,Entry_Long,Exit on session close,$47.00,$1811.50,$0.00,$0.00,$0.00,$0.00,$0.00,$26.89,$99.48,$52.48,19,
25,MCL 12-26,Backtest,EsempioTrendCL,Short,1,76.95,77.75,4/22/2024 11:55:00 AM,4/22/2024 12:50:00 PM,Entry_Short,Stop loss,($80.00),$1731.50,$0.00,$0.00,$0.00,$0.00,$0.00,$92.98,$48.18,$128.18,11,
26,MCL 12-26,Backtest,EsempioTrendCL,Long,1,76.14,76.16,5/2/2024 11:50:00 AM,5/2/2024 2:30:00 PM,Entry_Long,Exit on session close,$2.00,$1733.50,$0.00,$0.00,$0.00,$0.00,$0.00,$28.47,$42.27,$40.27,32,
27,MCL 12-26,Backtest,EsempioTrendCL,Short,1,76.35,77.15,5/3/2024 1:50:00 PM,5/3/2024 2:45:00 PM,Entry_Short,Stop loss,($80.00),$1653.50,$0.00,$0.00,$0.00,$0.00,$0.00,$110.64,$53.14,$133.14,11,
28,MCL 12-26,Backtest,EsempioTrendCL,Long,1,76.87,76.07,5/7/2024 12:05:00 PM,5/7/2024 12:15:00 PM,Entry_Long,Stop loss,($80.00),$1573.50,$0.00,$0.00,$0.00,$0.00,$0.00,$105.40,$0.79,$80.79,2,
29,MCL 12-26,Backtest,EsempioTrendCL,Long,1,75.41,76.91,5/8/2024 11:30:00 AM,5/8/2024 2:35:00 PM,Entry_Long,Profit target,$150.00,$1723.50,$0.00,$0.00,$0.00,$0.00,$0.00,$14.66,$207.33,$57.33,37,
30,MCL 12-26,Backtest,EsempioTrendCL,Short,1,75.98,76.78,5/24/2024 10:15:00 AM,5/24/2024 11:40:00 AM,Entry_Short,Stop loss,($80.00),$1643.50,$0.00,$0.00,$0.00,$0.00,$0.00,$82.19,$58.95,$138.95,17,
31,MCL 12-26,Backtest,EsempioTrendCL,Long,1,76.01,75.21,5/30/2024 10:30:00 AM,5/30/2024 11:50:00 AM,Entry_Long,Stop loss,($80.00),$1563.50,$0.00,$0.00,$0.00,$0.00,$0.00,$111.06,$9.38,$89.38,16,
32,MCL 12-26,Backtest,EsempioTrendCL,Long,1,77.21,77.07,6/3/2024 12:45:00 PM,6/3/2024 1:10:00 PM,Entry_Long,Exit on session close,($14.00),$1549.50,$0.00,$0.00,$0.00,$0.00,$0.00,$40.17,$45.17,$59.17,5,
33,MCL 12-26,Backtest,EsempioTrendCL,Long,1,77.00,76.20,6/5/2024 12:00:00 PM,6/5/2024 2:35:00 PM,Entry_Long,Stop loss,($80.00),$1469.50,$0.00,$0.00,$0.00,$0.00,$0.00,$103.86,$31.24,$111.24,31,
34,MCL 12-26,Backtest,EsempioTrendCL,Long,1,76.92,77.14,6/7/2024 9:35:00 AM,6/7/2024 12:05:00 PM,Entry_Long,Exit on session close,$22.00,$1491.50,$0.00,$0.00,$0.00,$0.00,$0.00,$14.47,$49.22,$27.22,30,
35,MCL 12-26,Backtest,EsempioTrendCL,Short,1,74.50,75.30,6/10/2024 9:35:00 AM,6/10/2024 9:45:00 AM,Entry_Short,Stop loss,($80.00),$1411.50,$0.00,$0.00,$0.00,$0.00,$0.00,$105.10,$1.41,$81.41,2,
36,MCL 12-26,Backtest,EsempioTrendCL,Long,1,74.11,75.61,6/13/2024 1:25:00 PM,6/13/2024 4:45:00 PM,Entry_Long,Profit target,$150.00,$1561.50,$0.00,$0.00,$0.00,$0.00,$0.00,$28.18,$188.00,$38.00,40,
37,MCL 12-26,Backtest,EsempioTrendCL,Long,1,74.90,76.40,6/17/2024 11:45:00 AM,6/17/2024 2:50:00 PM,Entry_Long,Profit target,$150.00,$1711.50,$0.00,$0.00,$0.00,$0.00,$0.00,$12.95,$154.14,$4.14,37,
38,MCL 12-26,Backtest,EsempioTrendCL,Long,1,76.58,78.08,6/19/2024 1:10:00 PM,6/19/2024 3:05:00 PM,Entry_Long,Profit target,$150.00,$1861.50,$0.00,$0.00,$0.00,$0.00,$0.00,$13.28,$194.99,$44.99,23,
39,MCL 12-26,Backtest,EsempioTrendCL,Long,1,76.24,75.44,6/24/2024 1:20:00 PM,6/24/2024 2:05:00 PM,Entry_Long,Stop loss,($80.00),$1781.50,$0.00,$0.00,$0.00,$0.00,$0.00,$98.39,$56.77,$136.77,9,
40,MCL 12-26,Backtest,EsempioTrendCL,Short,1,77.03,77.83,6/25/2024 11:00:00 AM,6/25/2024 1:15:00 PM,Entry_Short,Stop loss,($80.00),$1701.50,$0.00,$0.00,$0.00,$0.00,$0.00,$101.11,$12.67,$92.67,27,
41,MCL 12-26,Backtest,EsempioTrendCL,Short,1,78.40,76.90,6/27/2024 11:10:00 AM,6/27/2024 1:00:00 PM,Entry_Short,Profit target,$150.00,$1851.50,$0.00,$0.00,$0.00,$0.00,$0.00,$19.93,$188.60,$38.60,22,
42,MCL 12-26,Backtest,EsempioTrendCL,Short,1,78.93,79.73,6/28/2024 10:55:00 AM,6/28/2024 11:45:00 AM,Entry_Short,Stop loss,($80.00),$1771.50,$0.00,$0.00,$0.00,$0.00,$0.00,$91.71,$23.45,$103.45,10,
43,MCL 12-26,Backtest,EsempioTrendCL,Short,1,77.67,77.91,7/5/2024 10:40:00 AM,7/5/2024 11:05:00 AM,Entry_Short,Exit on session close,($24.00),$1747.50,$0.00,$0.00,$0.00,$0.00,$0.00,$51.31,$37.17,$61.17,5,
44,MCL 12-26,Backtest,EsempioTrendCL,Long,1,77.58,76.78,7/10/2024 11:45:00 AM,7/10/2024 12:55:00 PM,Entry_Long,Stop loss,($80.00),$1667.50,$0.00,$0.00,$0.00,$0.00,$0.00,$100.26,$49.23,$129.23,14,
45,MCL 12-26,Backtest,EsempioTrendCL,Short,1,77.09,76.73,8/1/2024 12:10:00 PM,8/1/2024 12:45:00 PM,Entry_Short,Exit on session close,$36.50,$1704.00,$0.00,$0.00,$0.00,$0.00,$0.00,$23.73,$66.56,$30.06,7,
46,MCL 12-26,Backtest,EsempioTrendCL,Long,1,78.23,78.56,8/7/2024 12:30:00 PM,8/7/2024 3:10:00 PM,Entry_Long,Exit on session close,$32.50,$1736.50,$0.00,$0.00,$0.00,$0.00,$0.00,$22.09,$52.21,$19.71,32,
47,MCL 12-26,Backtest,EsempioTrendCL,Short,1,78.54,78.03,8/15/2024 10:50:00 AM,8/15/2024 12:45:00 PM,Entry_Short,Exit on session close,$51.00,$1787.50,$0.00,$0.00,$0.00,$0.00,$0.00,$23.34,$55.59,$4.59,23,
48,MCL 12-26,Backtest,EsempioTrendCL,Long,1,79.82,79.02,8/23/2024 10:05:00 AM,8/23/2024 10:50:00 AM,Entry_Long,Stop loss,($80.00),$1707.50,$0.00,$0.00,$0.00,$0.00,$0.00,$85.41,$25.73,$105.73,9,
49,MCL 12-26,Backtest,EsempioTrendCL,Short,1,80.86,81.66,8/26/2024 10:25:00 AM,8/26/2024 12:00:00 PM,Entry_Short,Stop loss,($80.00),$1627.50,$0.00,$0.00,$0.00,$0.00,$0.00,$111.34,$5.66,$85.66,19,
50,MCL 12-26,Backtest,EsempioTrendCL,Long,1,79.43,80.93,8/27/2024 10:10:00 AM,8/27/2024 1:10:00 PM,Entry_Long,Profit target,$150.00,$1777.50,$0.00,$0.00,$0.00,$0.00,$0.00,$27.67,$181.21,$31.21,36,
51,MCL 12-26,Backtest,EsempioTrendCL,Long,1,76.49,77.99,8/28/2024 10:40:00 AM,8/28/2024 1:00:00 PM,Entry_Long,Profit target,$150.00,$1927.50,$0.00,$0.00,$0.00,$0.00,$0.00,$27.72,$161.25,$11.25,28,
52,MCL 12-26,Backtest,EsempioTrendCL,Long,1,75.63,74.83,8/29/2024 11:35:00 AM,8/29/2024 12:05:00 PM,Entry_Long,Stop loss,($80.00),$1847.50,$0.00,$0.00,$0.00,$0.00,$0.00,$86.74,$31.38,$111.38,6,
53,MCL 12-26,Backtest,EsempioTrendCL,Long,1,74.60,73.80,9/2/2024 9:45:00 AM,9/2/2024 12:10:00 PM,Entry_Long,Stop loss,($80.00),$1767.50,$0.00,$0.00,$0.00,$0.00,$0.00,$96.44,$52.81,$132.81,29,
54,MCL 12-26,Backtest,EsempioTrendCL,Long,1,73.71,72.91,9/3/2024 12:45:00 PM,9/3/2024 3:50:00 PM,Entry_Long,Stop loss,($80.00),$1687.50,$0.00,$0.00,$0.00,$0.00,$0.00,$83.22,$29.87,$109.87,37,
55,MCL 12-26,Backtest,EsempioTrendCL,Long,1,73.89,73.09,9/10/2024 11:00:00 AM,9/10/2024 2:10:00 PM,Entry_Long,Stop loss,($80.00),$1607.50,$0.00,$0.00,$0.00,$0.00,$0.00,$91.69,$31.28,$111.28,38,
56,MCL 12-26,Backtest,EsempioTrendCL,Long,1,76.13,77.63,9/12/2024 1:30:00 PM,9/12/2024 4:40:00 PM,Entry_Long,Profit target,$150.00,$1757.50,$0.00,$0.00,$0.00,$0.00,$0.00,$5.56,$169.88,$19.88,38,
57,MCL 12-26,Backtest,EsempioTrendCL,Long,1,76.78,78.28,9/18/2024 10:55:00 AM,9/18/2024 2:10:00 PM,Entry_Long,Profit target,$150.00,$1907.50,$0.00,$0.00,$0.00,$0.00,$0.00,$22.02,$185.35,$35.35,39,
58,MCL 12-26,Backtest,EsempioTrendCL,Long,1,75.77,77.27,9/20/2024 10:00:00 AM,9/20/2024 11:35:00 AM,Entry_Long,Profit target,$150.00,$2057.50,$0.00,$0.00,$0.00,$0.00,$0.00,$29.99,$152.35,$2.35,19,
59,MCL 12-26,Backtest,EsempioTrendCL,Short,1,75.31,73.81,10/3/2024 10:30:00 AM,10/3/2024 12:10:00 PM,Entry_Short,Profit target,$150.00,$2207.50,$0.00,$0.00,$0.00,$0.00,$0.00,$20.81,$207.16,$57.16,20,
60,MCL 12-26,Backtest,EsempioTrendCL,Long,1,74.64,76.14,10/4/2024 10:35:00 AM,10/4/2024 11:10:00 AM,Entry_Long,Profit target,$150.00,$2357.50,$0.00,$0.00,$0.00,$0.00,$0.00,$12.78,$203.99,$53.99,7,
61,MCL 12-26,Backtest,EsempioTrendCL,Short,1,75.09,73.59,10/7/2024 9:00:00 AM,10/7/2024 11:55:00 AM,Entry_Short,Profit target,$150.00,$2507.50,$0.00,$0.00,$0.00,$0.00,$0.00,$8.30,$174.93,$24.93,35,
62,MCL 12-26,Backtest,EsempioTrendCL,Short,1,74.37,75.17,10/9/2024 12:05:00 PM,10/9/2024 2:25:00 PM,Entry_Short,Stop loss,($80.00),$2427.50,$0.00,$0.00,$0.00,$0.00,$0.00,$108.22,$7.55,$87.55,28,
63,MCL 12-26,Backtest,EsempioTrendCL,Short,1,74.65,75.45,10/16/2024 10:50:00 AM,10/16/2024 2:00:00 PM,Entry_Short,Stop loss,($80.00),$2347.50,$0.00,$0.00,$0.00,$0.00,$0.00,$82.02,$20.73,$100.73,38,
64,MCL 12-26,Backtest,EsempioTrendCL,Short,1,76.19,76.99,10/17/2024 12:05:00 PM,10/17/2024 2:30:00 PM,Entry_Short,Stop loss,($80.00),$2267.50,$0.00,$0.00,$0.00,$0.00,$0.00,$109.63,$31.05,$111.05,29,
65,MCL 12-26,Backtest,EsempioTrendCL,Short,1,76.35,74.85,10/18/2024 11:15:00 AM,10/18/2024 11:40:00 AM,Entry_Short,Profit target,$150.00,$2417.50,$0.00,$0.00,$0.00,$0.00,$0.00,$7.94,$167.68,$17.68,5,
66,MCL 12-26,Backtest,EsempioTrendCL,Long,1,75.92,75.12,10/23/2024 10:55:00 AM,10/23/2024 12:35:00 PM,Entry_Long,Stop loss,($80.00),$2337.50,$0.00,$0.00,$0.00,$0.00,$0.00,$84.76,$37.85,$117.85,20,
67,MCL 12-26,Backtest,EsempioTrendCL,Long,1,77.11,76.31,10/25/2024 12:50:00 PM,10/25/2024 2:45:00 PM,Entry_Long,Stop loss,($80.00),$2257.50,$0.00,$0.00,$0.00,$0.00,$0.00,$82.44,$35.56,$115.56,23,
68,MCL 12-26,Backtest,EsempioTrendCL,Short,1,76.88,77.68,10/29/2024 1:20:00 PM,10/29/2024 4:20:00 PM,Entry_Short,Stop loss,($80.00),$2177.50,$0.00,$0.00,$0.00,$0.00,$0.00,$94.66,$28.30,$108.30,36,
69,MCL 12-26,Backtest,EsempioTrendCL,Short,1,77.70,76.20,10/31/2024 10:20:00 AM,10/31/2024 12:10:00 PM,Entry_Short,Profit target,$150.00,$2327.50,$0.00,$0.00,$0.00,$0.00,$0.00,$31.51,$208.28,$58.28,22,
70,MCL 12-26,Backtest,EsempioTrendCL,Long,1,77.62,76.82,11/5/2024 10:20:00 AM,11/5/2024 11:55:00 AM,Entry_Long,Stop loss,($80.00),$2247.50,$0.00,$0.00,$0.00,$0.00,$0.00,$85.41,$9.77,$89.77,19,
71,MCL 12-26,Backtest,EsempioTrendCL,Long,1,77.35,77.13,11/8/2024 11:35:00 AM,11/8/2024 12:30:00 PM,Entry_Long,Exit on session close,($22.00),$2225.50,$0.00,$0.00,$0.00,$0.00,$0.00,$51.37,$9.62,$31.62,11,
72,MCL 12-26,Backtest,EsempioTrendCL,Long,1,76.81,77.78,11/12/2024 10:50:00 AM,11/12/2024 12:20:00 PM,Entry_Long,Exit on session close,$97.00,$2322.50,$0.00,$0.00,$0.00,$0.00,$0.00,$6.21,$137.69,$40.69,18,
73,MCL 12-26,Backtest,EsempioTrendCL,Short,1,76.97,75.47,11/13/2024 1:55:00 PM,11/13/2024 3:10:00 PM,Entry_Short,Profit target,$150.00,$2472.50,$0.00,$0.00,$0.00,$0.00,$0.00,$6.37,$199.92,$49.92,15,
74,MCL 12-26,Backtest,EsempioTrendCL,Short,1,75.95,76.30,11/14/2024 1:55:00 PM,11/14/2024 5:00:00 PM,Entry_Short,Exit on session close,($35.00),$2437.50,$0.00,$0.00,$0.00,$0.00,$0.00,$47.33,$46.40,$81.40,37,
75,MCL 12-26,Backtest,EsempioTrendCL,Short,1,75.25,74.25,11/20/2024 11:05:00 AM,11/20/2024 11:15:00 AM,Entry_Short,Exit on session close,$100.00,$2537.50,$0.00,$0.00,$0.00,$0.00,$0.00,$11.12,$155.20,$55.20,2,
76,MCL 12-26,Backtest,EsempioTrendCL,Long,1,75.74,74.94,11/22/2024 1:35:00 PM,11/22/2024 2:20:00 PM,Entry_Long,Stop loss,($80.00),$2457.50,$0.00,$0.00,$0.00,$0.00,$0.00,$96.28,$48.20,$128.20,9,
77,MCL 12-26,Backtest,EsempioTrendCL,Long,1,73.81,75.31,11/27/2024 12:05:00 PM,11/27/2024 12:20:00 PM,Entry_Long,Profit target,$150.00,$2607.50,$0.00,$0.00,$0.00,$0.00,$0.00,$19.68,$180.28,$30.28,3,
78,MCL 12-26,Backtest,EsempioTrendCL,Short,1,71.47,70.80,12/2/2024 12:55:00 PM,12/2/2024 1:20:00 PM,Entry_Short,Exit on session close,$67.50,$2675.00,$0.00,$0.00,$0.00,$0.00,$0.00,$13.31,$111.50,$44.00,5,
79,MCL 12-26,Backtest,EsempioTrendCL,Long,1,71.27,72.77,12/6/2024 10:05:00 AM,12/6/2024 10:30:00 AM,Entry_Long,Profit target,$150.00,$2825.00,$0.00,$0.00,$0.00,$0.00,$0.00,$30.05,$185.38,$35.38,5,
80,MCL 12-26,Backtest,EsempioTrendCL,Short,1,71.74,70.24,12/16/2024 11:30:00 AM,12/16/2024 1:35:00 PM,Entry_Short,Profit target,$150.00,$2975.00,$0.00,$0.00,$0.00,$0.00,$0.00,$4.06,$184.99,$34.99,25,
81,MCL 12-26,Backtest,EsempioTrendCL,Long,1,71.99,73.49,12/17/2024 10:35:00 AM,12/17/2024 1:15:00 PM,Entry_Long,Profit target,$150.00,$3125.00,$0.00,$0.00,$0.00,$0.00,$0.00,$19.72,$195.45,$45.45,32,
82,MCL 12-26,Backtest,EsempioTrendCL,Long,1,72.17,71.37,12/20/2024 10:05:00 AM,12/20/2024 1:10:00 PM,Entry_Long,Stop loss,($80.00),$3045.00,$0.00,$0.00,$0.00,$0.00,$0.00,$85.88,$14.63,$94.63,37,
83,MCL 12-26,Backtest,EsempioTrendCL,Long,1,72.05,72.08,12/26/2024 1:40:00 PM,12/26/2024 4:25:00 PM,Entry_Long,Exit on session close,$3.00,$3048.00,$0.00,$0.00,$0.00,$0.00,$0.00,$5.97,$53.86,$50.86,33,
84,MCL 12-26,Backtest,EsempioTrendCL,Short,1,70.47,68.97,1/2/2025 1:00:00 PM,1/2/2025 2:55:00 PM,Entry_Short,Profit target,$150.00,$3198.00,$0.00,$0.00,$0.00,$0.00,$0.00,$3.10,$166.62,$16.62,23,
85,MCL 12-26,Backtest,EsempioTrendCL,Short,1,71.15,69.65,1/3/2025 11:40:00 AM,1/3/2025 1:00:00 PM,Entry_Short,Profit target,$150.00,$3348.00,$0.00,$0.00,$0.00,$0.00,$0.00,$5.26,$197.94,$47.94,16,
86,MCL 12-26,Backtest,EsempioTrendCL,Long,1,70.50,72.00,1/7/2025 10:25:00 AM,1/7/2025 11:50:00 AM,Entry_Long,Profit target,$150.00,$3498.00,$0.00,$0.00,$0.00,$0.00,$0.00,$8.17,$178.04,$28.04,17,
87,MCL 12-26,Backtest,EsempioTrendCL,Long,1,69.52,68.72,1/10/2025 9:20:00 AM,1/10/2025 11:45:00 AM,Entry_Long,Stop loss,($80.00),$3418.00,$0.00,$0.00,$0.00,$0.00,$0.00,$93.57,$48.83,$128.83,29,
88,MCL 12-26,Backtest,EsempioTrendCL,Long,1,70.42,71.92,1/17/2025 11:20:00 AM,1/17/2025 12:55:00 PM,Entry_Long,Profit target,$150.00,$3568.00,$0.00,$0.00,$0.00,$0.00,$0.00,$18.55,$178.52,$28.52,19,
89,MCL 12-26,Backtest,EsempioTrendCL,Long,1,68.94,70.44,1/22/2025 1:25:00 PM,1/22/2025 3:00:00 PM,Entry_Long,Profit target,$150.00,$3718.00,$0.00,$0.00,$0.00,$0.00,$0.00,$7.65,$188.65,$38.65,19,
90,MCL 12-26,Backtest,EsempioTrendCL,Long,1,69.62,70.18,1/31/2025 9:55:00 AM,1/31/2025 10:35:00 AM,Entry_Long,Exit on session close,$55.50,$3773.50,$0.00,$0.00,$0.00,$0.00,$0.00,$23.19,$95.27,$39.77,8,
91,MCL 12-26,Backtest,EsempioTrendCL,Long,1,69.06,68.26,2/5/2025 9:25:00 AM,2/5/2025 10:20:00 AM,Entry_Long,Stop loss,($80.00),$3693.50,$0.00,$0.00,$0.00,$0.00,$0.00,$111.91,$41.88,$121.88,11,
92,MCL 12-26,Backtest,EsempioTrendCL,Long,1,70.39,69.59,2/7/2025 2:00:00 PM,2/7/2025 2:40:00 PM,Entry_Long,Stop loss,($80.00),$3613.50,$0.00,$0.00,$0.00,$0.00,$0.00,$85.90,$21.75,$101.75,8,
93,MCL 12-26,Backtest,EsempioTrendCL,Short,1,71.32,72.12,2/18/2025 9:00:00 AM,2/18/2025 11:20:00 AM,Entry_Short,Stop loss,($80.00),$3533.50,$0.00,$0.00,$0.00,$0.00,$0.00,$108.59,$14.78,$94.78,28,
94,MCL 12-26,Backtest,EsempioTrendCL,Long,1,70.16,69.36,2/20/2025 12:55:00 PM,2/20/2025 3:15:00 PM,Entry_Long,Stop loss,($80.00),$3453.50,$0.00,$0.00,$0.00,$0.00,$0.00,$90.78,$43.31,$123.31,28,
95,MCL 12-26,Backtest,EsempioTrendCL,Long,1,71.73,70.93,2/27/2025 11:55:00 AM,2/27/2025 1:25:00 PM,Entry_Long,Stop loss,($80.00),$3373.50,$0.00,$0.00,$0.00,$0.00,$0.00,$93.48,$45.77,$125.77,18,
96,MCL 12-26,Backtest,EsempioTrendCL,Long,1,71.93,73.43,2/28/2025 1:00:00 PM,2/28/2025 3:20:00 PM,Entry_Long,Profit target,$150.00,$3523.50,$0.00,$0.00,$0.00,$0.00,$0.00,$30.97,$159.44,$9.44,28,
97,MCL 12-26,Backtest,EsempioTrendCL,Short,1,70.66,69.16,3/6/2025 9:00:00 AM,3/6/2025 11:25:00 AM,Entry_Short,Profit target,$150.00,$3673.50,$0.00,$0.00,$0.00,$0.00,$0.00,$0.25,$198.79,$48.79,29,
98,MCL 12-26,Backtest,EsempioTrendCL,Short,1,70.90,69.40,3/7/2025 1:20:00 PM,3/7/2025 2:20:00 PM,Entry_Short,Profit target,$150.00,$3823.50,$0.00,$0.00,$0.00,$0.00,$0.00,$16.63,$172.31,$22.31,12,
99,MCL 12-26,Backtest,EsempioTrendCL,Long,1,69.01,68.21,3/17/2025 12:10:00 PM,3/17/2025 1:50:00 PM,Entry_Long,Stop loss,($80.00),$3743.50,$0.00,$0.00,$0.00,$0.00,$0.00,$102.91,$23.99,$103.99,20,
100,MCL 12-26,Backtest,EsempioTrendCL,Long,1,68.28,67.48,3/18/2025 12:35:00 PM,3/18/2025 2:10:00 PM,Entry_Long,Stop loss,($80.00),$3663.50,$0.00,$0.00,$0.00,$0.00,$0.00,$97.08,$13.50,$93.50,19,
101,MCL 12-26,Backtest,EsempioTrendCL,Long,1,66.99,68.49,3/19/2025 11:50:00 AM,3/19/2025 2:55:00 PM,Entry_Long,Profit target,$150.00,$3813.50,$0.00,$0.00,$0.00,$0.00,$0.00,$20.90,$175.38,$25.38,37,
102,MCL 12-26,Backtest,EsempioTrendCL,Long,1,67.49,67.63,3/26/2025 9:50:00 AM,3/26/2025 12:20:00 PM,Entry_Long,Exit on session close,$14.50,$3828.00,$0.00,$0.00,$0.00,$0.00,$0.00,$16.31,$28.72,$14.22,30,
103,MCL 12-26,Backtest,EsempioTrendCL,Long,1,68.06,69.56,4/3/2025 1:05:00 PM,4/3/2025 2:50:00 PM,Entry_Long,Profit target,$150.00,$3978.00,$0.00,$0.00,$0.00,$0.00,$0.00,$5.41,$155.94,$5.94,21,
104,MCL 12-26,Backtest,EsempioTrendCL,Long,1,67.73,66.93,4/7/2025 11:55:00 AM,4/7/2025 2:10:00 PM,Entry_Long,Stop loss,($80.00),$3898.00,$0.00,$0.00,$0.00,$0.00,$0.00,$89.15,$23.33,$103.33,27,
105,MCL 12-26,Backtest,EsempioTrendCL,Long,1,67.11,68.61,4/16/2025 11:25:00 AM,4/16/2025 2:30:00 PM,Entry_Long,Profit target,$150.00,$4048.00,$0.00,$0.00,$0.00,$0.00,$0.00,$25.18,$196.23,$46.23,37,
106,MCL 12-26,Backtest,EsempioTrendCL,Long,1,66.79,68.29,4/22/2025 1:10:00 PM,4/22/2025 2:20:00 PM,Entry_Long,Profit target,$150.00,$4198.00,$0.00,$0.00,$0.00,$0.00,$0.00,$12.02,$166.93,$16.93,14,
107,MCL 12-26,Backtest,EsempioTrendCL,Short,1,65.76,64.26,4/29/2025 11:50:00 AM,4/29/2025 1:40:00 PM,Entry_Short,Profit target,$150.00,$4348.00,$0.00,$0.00,$0.00,$0.00,$0.00,$1.04,$174.51,$24.51,22,
108,MCL 12-26,Backtest,EsempioTrendCL,Long,1,66.45,66.03,4/30/2025 12:10:00 PM,4/30/2025 12:35:00 PM,Entry_Long,Exit on session close,($42.50),$4305.50,$0.00,$0.00,$0.00,$0.00,$0.00,$71.04,$56.96,$99.46,5,
109,MCL 12-26,Backtest,EsempioTrendCL,Short,1,67.73,66.23,5/1/2025 12:45:00 PM,5/1/2025 3:45:00 PM,Entry_Short,Profit target,$150.00,$4455.50,$0.00,$0.00,$0.00,$0.00,$0.00,$23.70,$151.54,$1.54,36,
110,MCL 12-26,Backtest,EsempioTrendCL,Long,1,68.06,68.48,5/6/2025 11:35:00 AM,5/6/2025 1:25:00 PM,Entry_Long,Exit on session close,$42.50,$4498.00,$0.00,$0.00,$0.00,$0.00,$0.00,$17.19,$58.80,$16.30,22,
111,MCL 12-26,Backtest,EsempioTrendCL,Long,1,69.11,68.31,5/7/2025 1:30:00 PM,5/7/2025 1:55:00 PM,Entry_Long,Stop loss,($80.00),$4418.00,$0.00,$0.00,$0.00,$0.00,$0.00,$86.19,$17.62,$97.62,5,
112,MCL 12-26,Backtest,EsempioTrendCL,Long,1,69.21,68.41,5/8/2025 9:40:00 AM,5/8/2025 10:00:00 AM,Entry_Long,Stop loss,($80.00),$4338.00,$0.00,$0.00,$0.00,$0.00,$0.00,$103.41,$23.33,$103.33,4,
113,MCL 12-26,Backtest,EsempioTrendCL,Long,1,68.00,69.50,5/9/2025 9:20:00 AM,5/9/2025 12:20:00 PM,Entry_Long,Profit target,$150.00,$4488.00,$0.00,$0.00,$0.00,$0.00,$0.00,$18.95,$154.78,$4.78,36,
114,MCL 12-26,Backtest,EsempioTrendCL,Short,1,67.46,68.26,5/13/2025 12:50:00 PM,5/13/2025 2:05:00 PM,Entry_Short,Stop loss,($80.00),$4408.00,$0.00,$0.00,$0.00,$0.00,$0.00,$84.39,$12.78,$92.78,15,
115,MCL 12-26,Backtest,EsempioTrendCL,Long,1,67.04,68.54,5/14/2025 9:00:00 AM,5/14/2025 11:20:00 AM,Entry_Long,Profit target,$150.00,$4558.00,$0.00,$0.00,$0.00,$0.00,$0.00,$3.29,$191.55,$41.55,28,
116,MCL 12-26,Backtest,EsempioTrendCL,Long,1,67.78,69.28,5/16/2025 12:50:00 PM,5/16/2025 3:50:00 PM,Entry_Long,Profit target,$150.00,$4708.00,$0.00,$0.00,$0.00,$0.00,$0.00,$20.55,$152.25,$2.25,36,
117,MCL 12-26,Backtest,EsempioTrendCL,Long,1,66.34,67.84,5/19/2025 9:00:00 AM,5/19/2025 9:55:00 AM,Entry_Long,Profit target,$150.00,$4858.00,$0.00,$0.00,$0.00,$0.00,$0.00,$9.05,$169.10,$19.10,11,
118,MCL 12-26,Backtest,EsempioTrendCL,Short,1,66.97,66.73,5/26/2025 2:00:00 PM,5/26/2025 4:40:00 PM,Entry_Short,Exit on session close,$24.00,$4882.00,$0.00,$0.00,$0.00,$0.00,$0.00,$5.48,$60.50,$36.50,32,
119,MCL 12-26,Backtest,EsempioTrendCL,Short,1,66.91,65.41,5/27/2025 11:10:00 AM,5/27/2025 12:50:00 PM,Entry_Short,Profit target,$150.00,$5032.00,$0.00,$0.00,$0.00,$0.00,$0.00,$0.74,$190.22,$40.22,20,
120,MCL 12-26,Backtest,EsempioTrendCL,Long,1,66.57,65.77,5/30/2025 12:35:00 PM,5/30/2025 3:10:00 PM,Entry_Long,Stop loss,($80.00),$4952.00,$0.00,$0.00,$0.00,$0.00,$0.00,$86.96,$18.07,$98.07,31,
121,MCL 12-26,Backtest,EsempioTrendCL,Long,1,66.26,65.46,6/6/2025 12:00:00 PM,6/6/2025 2:15:00 PM,Entry_Long,Stop loss,($80.00),$4872.00,$0.00,$0.00,$0.00,$0.00,$0.00,$86.49,$3.69,$83.69,27,
122,MCL 12-26,Backtest,EsempioTrendCL,Long,1,66.53,68.03,6/10/2025 10:10:00 AM,6/10/2025 11:55:00 AM,Entry_Long,Profit target,$150.00,$5022.00,$0.00,$0.00,$0.00,$0.00,$0.00,$1.23,$208.22,$58.22,21,
123,MCL 12-26,Backtest,EsempioTrendCL,Long,1,66.77,65.97,6/11/2025 10:00:00 AM,6/11/2025 10:25:00 AM,Entry_Long,Stop loss,($80.00),$4942.00,$0.00,$0.00,$0.00,$0.00,$0.00,$84.12,$8.17,$88.17,5,
124,MCL 12-26,Backtest,EsempioTrendCL,Long,1,66.53,68.03,6/16/2025 11:55:00 AM,6/16/2025 1:30:00 PM,Entry_Long,Profit target,$150.00,$5092.00,$0.00,$0.00,$0.00,$0.00,$0.00,$21.18,$159.91,$9.91,19,
125,MCL 12-26,Backtest,EsempioTrendCL,Short,1,65.73,64.23,6/17/2025 9:35:00 AM,6/17/2025 10:10:00 AM,Entry_Short,Profit target,$150.00,$5242.00,$0.00,$0.00,$0.00,$0.00,$0.00,$5.50,$160.28,$10.28,7,
126,MCL 12-26,Backtest,EsempioTrendCL,Long,1,65.79,65.22,6/18/2025 9:20:00 AM,6/18/2025 11:10:00 AM,Entry_Long,Exit on session close,($57.50),$5184.50,$0.00,$0.00,$0.00,$0.00,$0.00,$72.47,$55.80,$113.30,22,
127,MCL 12-26,Backtest,EsempioTrendCL,Short,1,66.06,64.56,6/20/2025 9:50:00 AM,6/20/2025 10:15:00 AM,Entry_Short,Profit target,$150.00,$5334.50,$0.00,$0.00,$0.00,$0.00,$0.00,$28.57,$157.51,$7.51,5,
128,MCL 12-26,Backtest,EsempioTrendCL,Short,1,66.09,65.44,7/1/2025 11:25:00 AM,7/1/2025 1:50:00 PM,Entry_Short,Exit on session close,$65.00,$5399.50,$0.00,$0.00,$0.00,$0.00,$0.00,$22.74,$82.51,$17.51,29,
129,MCL 12-26,Backtest,EsempioTrendCL,Long,1,66.34,67.01,7/3/2025 12:20:00 PM,7/3/2025 2:25:00 PM,Entry_Long,Exit on session close,$67.00,$5466.50,$0.00,$0.00,$0.00,$0.00,$0.00,$26.83,$125.84,$58.84,25,
130,MCL 12-26,Backtest,EsempioTrendCL,Short,1,67.28,65.78,7/4/2025 9:00:00 AM,7/4/2025 11:35:00 AM,Entry_Short,Profit target,$150.00,$5616.50,$0.00,$0.00,$0.00,$0.00,$0.00,$7.54,$190.67,$40.67,31,
131,MCL 12-26,Backtest,EsempioTrendCL,Short,1,67.23,68.03,7/8/2025 9:45:00 AM,7/8/2025 12:20:00 PM,Entry_Short,Stop loss,($80.00),$5536.50,$0.00,$0.00,$0.00,$0.00,$0.00,$92.15,$48.40,$128.40,31,
132,MCL 12-26,Backtest,EsempioTrendCL,Long,1,68.25,69.75,7/9/2025 12:55:00 PM,7/9/2025 1:15:00 PM,Entry_Long,Profit target,$150.00,$5686.50,$0.00,$0.00,$0.00,$0.00,$0.00,$5.19,$162.70,$12.70,4,
133,MCL 12-26,Backtest,EsempioTrendCL,Long,1,67.62,69.12,7/15/2025 1:45:00 PM,7/15/2025 3:25:00 PM,Entry_Long,Profit target,$150.00,$5836.50,$0.00,$0.00,$0.00,$0.00,$0.00,$8.54,$208.43,$58.43,20,
134,MCL 12-26,Backtest,EsempioTrendCL,Short,1,67.09,65.93,7/16/2025 12:40:00 PM,7/16/2025 3:40:00 PM,Entry_Short,Exit on session close,$116.00,$5952.50,$0.00,$0.00,$0.00,$0.00,$0.00,$13.97,$171.77,$55.77,36,
135,MCL 12-26,Backtest,EsempioTrendCL,Long,1,66.77,68.27,7/17/2025 2:00:00 PM,7/17/2025 3:45:00 PM,Entry_Long,Profit target,$150.00,$6102.50,$0.00,$0.00,$0.00,$0.00,$0.00,$30.57,$197.90,$47.90,21,
136,MCL 12-26,Backtest,EsempioTrendCL,Long,1,66.84,68.34,7/22/2025 1:20:00 PM,7/22/2025 3:50:00 PM,Entry_Long,Profit target,$150.00,$6252.50,$0.00,$0.00,$0.00,$0.00,$0.00,$22.87,$187.09,$37.09,30,
137,MCL 12-26,Backtest,EsempioTrendCL,Long,1,67.17,68.67,7/24/2025 10:50:00 AM,7/24/2025 12:25:00 PM,Entry_Long,Profit target,$150.00,$6402.50,$0.00,$0.00,$0.00,$0.00,$0.00,$1.33,$167.36,$17.36,19,
138,MCL 12-26,Backtest,EsempioTrendCL,Long,1,66.27,67.77,7/29/2025 11:30:00 AM,7/29/2025 11:55:00 AM,Entry_Long,Profit target,$150.00,$6552.50,$0.00,$0.00,$0.00,$0.00,$0.00,$8.83,$167.41,$17.41,5,
139,MCL 12-26,Backtest,EsempioTrendCL,Long,1,66.70,66.73,8/1/2025 10:10:00 AM,8/1/2025 10:40:00 AM,Entry_Long,Exit on session close,$3.00,$6555.50,$0.00,$0.00,$0.00,$0.00,$0.00,$4.30,$56.55,$53.55,6,
140,MCL 12-26,Backtest,EsempioTrendCL,Long,1,66.36,65.94,8/5/2025 12:25:00 PM,8/5/2025 1:50:00 PM,Entry_Long,Exit on session close,($42.50),$6513.00,$0.00,$0.00,$0.00,$0.00,$0.00,$72.87,$47.50,$90.00,17,
141,MCL 12-26,Backtest,EsempioTrendCL,Long,1,65.20,65.51,8/13/2025 11:40:00 AM,8/13/2025 1:40:00 PM,Entry_Long,Exit on session close,$31.00,$6544.00,$0.00,$0.00,$0.00,$0.00,$0.00,$4.86,$81.45,$50.45,24,
142,MCL 12-26,Backtest,EsempioTrendCL,Short,1,66.08,66.88,8/15/2025 9:45:00 AM,8/15/2025 11:20:00 AM,Entry_Short,Stop loss,($80.00),$6464.00,$0.00,$0.00,$0.00,$0.00,$0.00,$101.55,$6.81,$86.81,19,
143,MCL 12-26,Backtest,EsempioTrendCL,Long,1,64.45,63.65,8/22/2025 11:45:00 AM,8/22/2025 1:25:00 PM,Entry_Long,Stop loss,($80.00),$6384.00,$0.00,$0.00,$0.00,$0.00,$0.00,$93.01,$49.21,$129.21,20,
144,MCL 12-26,Backtest,EsempioTrendCL,Long,1,63.82,63.02,8/26/2025 11:00:00 AM,8/26/2025 11:15:00 AM,Entry_Long,Stop loss,($80.00),$6304.00,$0.00,$0.00,$0.00,$0.00,$0.00,$100.82,$25.08,$105.08,3,
145,MCL 12-26,Backtest,EsempioTrendCL,Long,1,63.71,65.21,8/29/2025 11:40:00 AM,8/29/2025 12:20:00 PM,Entry_Long,Profit target,$150.00,$6454.00,$0.00,$0.00,$0.00,$0.00,$0.00,$27.90,$205.31,$55.31,8,
146,MCL 12-26,Backtest,EsempioTrendCL,Long,1,63.90,65.40,9/3/2025 10:55:00 AM,9/3/2025 1:05:00 PM,Entry_Long,Profit target,$150.00,$6604.00,$0.00,$0.00,$0.00,$0.00,$0.00,$15.17,$168.85,$18.85,26,
147,MCL 12-26,Backtest,EsempioTrendCL,Long,1,62.17,62.88,9/5/2025 9:45:00 AM,9/5/2025 10:55:00 AM,Entry_Long,Exit on session close,$70.50,$6674.50,$0.00,$0.00,$0.00,$0.00,$0.00,$20.50,$87.19,$16.69,14,
148,MCL 12-26,Backtest,EsempioTrendCL,Long,1,62.09,63.59,9/11/2025 12:45:00 PM,9/11/2025 3:25:00 PM,Entry_Long,Profit target,$150.00,$6824.50,$0.00,$0.00,$0.00,$0.00,$0.00,$5.10,$172.97,$22.97,32,
149,MCL 12-26,Backtest,EsempioTrendCL,Long,1,60.89,62.39,9/15/2025 10:30:00 AM,9/15/2025 11:20:00 AM,Entry_Long,Profit target,$150.00,$6974.50,$0.00,$0.00,$0.00,$0.00,$0.00,$8.82,$177.73,$27.73,10,
150,MCL 12-26,Backtest,EsempioTrendCL,Long,1,60.99,60.19,9/18/2025 1:00:00 PM,9/18/2025 3:35:00 PM,Entry_Long,Stop loss,($80.00),$6894.50,$0.00,$0.00,$0.00,$0.00,$0.00,$111.80,$2.45,$82.45,31,
151,MCL 12-26,Backtest,EsempioTrendCL,Long,1,59.81,59.01,9/22/2025 12:35:00 PM,9/22/2025 3:35:00 PM,Entry_Long,Stop loss,($80.00),$6814.50,$0.00,$0.00,$0.00,$0.00,$0.00,$109.65,$16.46,$96.46,36,
152,MCL 12-26,Backtest,EsempioTrendCL,Long,1,61.95,61.15,9/24/2025 10:20:00 AM,9/24/2025 1:15:00 PM,Entry_Long,Stop loss,($80.00),$6734.50,$0.00,$0.00,$0.00,$0.00,$0.00,$89.14,$5.16,$85.16,35,
153,MCL 12-26,Backtest,EsempioTrendCL,Long,1,62.45,63.95,9/26/2025 1:00:00 PM,9/26/2025 2:30:00 PM,Entry_Long,Profit target,$150.00,$6884.50,$0.00,$0.00,$0.00,$0.00,$0.00,$10.42,$188.76,$38.76,18,
154,MCL 12-26,Backtest,EsempioTrendCL,Short,1,62.35,60.85,9/30/2025 11:10:00 AM,9/30/2025 12:50:00 PM,Entry_Short,Profit target,$150.00,$7034.50,$0.00,$0.00,$0.00,$0.00,$0.00,$1.60,$201.64,$51.64,20,
155,MCL 12-26,Backtest,EsempioTrendCL,Short,1,62.65,63.45,10/1/2025 1:30:00 PM,10/1/2025 4:05:00 PM,Entry_Short,Stop loss,($80.00),$6954.50,$0.00,$0.00,$0.00,$0.00,$0.00,$92.53,$42.81,$122.81,31,
156,MCL 12-26,Backtest,EsempioTrendCL,Short,1,62.23,60.73,10/2/2025 11:00:00 AM,10/2/2025 1:15:00 PM,Entry_Short,Profit target,$150.00,$7104.50,$0.00,$0.00,$0.00,$0.00,$0.00,$5.09,$165.35,$15.35,27,
157,MCL 12-26,Backtest,EsempioTrendCL,Long,1,61.48,62.98,10/10/2025 11:50:00 AM,10/10/2025 1:15:00 PM,Entry_Long,Profit target,$150.00,$7254.50,$0.00,$0.00,$0.00,$0.00,$0.00,$4.28,$199.29,$49.29,17,
158,MCL 12-26,Backtest,EsempioTrendCL,Long,1,61.83,63.33,10/14/2025 12:55:00 PM,10/14/2025 2:40:00 PM,Entry_Long,Profit target,$150.00,$7404.50,$0.00,$0.00,$0.00,$0.00,$0.00,$0.13,$183.72,$33.72,21,
159,MCL 12-26,Backtest,EsempioTrendCL,Short,1,60.76,61.56,10/16/2025 12:35:00 PM,10/16/2025 12:55:00 PM,Entry_Short,Stop loss,($80.00),$7324.50,$0.00,$0.00,$0.00,$0.00,$0.00,$111.31,$36.89,$116.89,4,
160,MCL 12-26,Backtest,EsempioTrendCL,Long,1,59.29,60.79,10/20/2025 9:10:00 AM,10/20/2025 11:30:00 AM,Entry_Long,Profit target,$150.00,$7474.50,$0.00,$0.00,$0.00,$0.00,$0.00,$26.50,$209.08,$59.08,28,
161,MCL 12-26,Backtest,EsempioTrendCL,Short,1,59.68,60.48,10/21/2025 1:20:00 PM,10/21/2025 4:15:00 PM,Entry_Short,Stop loss,($80.00),$7394.50,$0.00,$0.00,$0.00,$0.00,$0.00,$99.93,$21.28,$101.28,35,
162,MCL 12-26,Backtest,EsempioTrendCL,Short,1,60.06,58.56,10/23/2025 1:40:00 PM,10/23/2025 3:35:00 PM,Entry_Short,Profit target,$150.00,$7544.50,$0.00,$0.00,$0.00,$0.00,$0.00,$20.85,$154.48,$4.48,23,
163,MCL 12-26,Backtest,EsempioTrendCL,Long,1,60.86,60.06,10/29/2025 1:00:00 PM,10/29/2025 1:35:00 PM,Entry_Long,Stop loss,($80.00),$7464.50,$0.00,$0.00,$0.00,$0.00,$0.00,$96.92,$4.45,$84.45,7,
164,MCL 12-26,Backtest,EsempioTrendCL,Short,1,62.17,60.67,10/31/2025 1:55:00 PM,10/31/2025 2:40:00 PM,Entry_Short,Profit target,$150.00,$7614.50,$0.00,$0.00,$0.00,$0.00,$0.00,$12.72,$166.78,$16.78,9,
165,MCL 12-26,Backtest,EsempioTrendCL,Long,1,60.69,59.89,11/10/2025 9:40:00 AM,11/10/2025 10:10:00 AM,Entry_Long,Stop loss,($80.00),$7534.50,$0.00,$0.00,$0.00,$0.00,$0.00,$99.08,$58.44,$138.44,6,
166,MCL 12-26,Backtest,EsempioTrendCL,Long,1,61.12,60.32,11/11/2025 1:00:00 PM,11/11/2025 3:15:00 PM,Entry_Long,Stop loss,($80.00),$7454.50,$0.00,$0.00,$0.00,$0.00,$0.00,$102.59,$48.14,$128.14,27,
167,MCL 12-26,Backtest,EsempioTrendCL,Short,1,63.25,64.05,11/12/2025 1:40:00 PM,11/12/2025 3:15:00 PM,Entry_Short,Stop loss,($80.00),$7374.50,$0.00,$0.00,$0.00,$0.00,$0.00,$105.73,$4.58,$84.58,19,
168,MCL 12-26,Backtest,EsempioTrendCL,Long,1,62.83,64.33,11/13/2025 11:05:00 AM,11/13/2025 11:50:00 AM,Entry_Long,Profit target,$150.00,$7524.50,$0.00,$0.00,$0.00,$0.00,$0.00,$28.90,$154.88,$4.88,9,
169,MCL 12-26,Backtest,EsempioTrendCL,Long,1,64.30,63.50,11/18/2025 10:10:00 AM,11/18/2025 11:05:00 AM,Entry_Long,Stop loss,($80.00),$7444.50,$0.00,$0.00,$0.00,$0.00,$0.00,$97.19,$9.92,$89.92,11,
170,MCL 12-26,Backtest,EsempioTrendCL,Short,1,63.56,64.36,11/19/2025 9:00:00 AM,11/19/2025 12:05:00 PM,Entry_Short,Stop loss,($80.00),$7364.50,$0.00,$0.00,$0.00,$0.00,$0.00,$107.72,$52.31,$132.31,37,
171,MCL 12-26,Backtest,EsempioTrendCL,Long,1,62.75,61.95,11/20/2025 12:55:00 PM,11/20/2025 2:00:00 PM,Entry_Long,Stop loss,($80.00),$7284.50,$0.00,$0.00,$0.00,$0.00,$0.00,$87.76,$41.69,$121.69,13,
172,MCL 12-26,Backtest,EsempioTrendCL,Long,1,62.61,62.47,11/28/2025 10:10:00 AM,11/28/2025 1:20:00 PM,Entry_Long,Exit on session close,($14.00),$7270.50,$0.00,$0.00,$0.00,$0.00,$0.00,$21.23,$10.44,$24.44,38,
173,MCL 12-26,Backtest,EsempioTrendCL,Long,1,62.49,63.99,12/2/2025 11:45:00 AM,12/2/2025 3:00:00 PM,Entry_Long,Profit target,$150.00,$7420.50,$0.00,$0.00,$0.00,$0.00,$0.00,$17.85,$178.53,$28.53,39,
174,MCL 12-26,Backtest,EsempioTrendCL,Long,1,63.02,64.52,12/3/2025 11:45:00 AM,12/3/2025 2:05:00 PM,Entry_Long,Profit target,$150.00,$7570.50,$0.00,$0.00,$0.00,$0.00,$0.00,$22.98,$150.14,$0.14,28,
175,MCL 12-26,Backtest,EsempioTrendCL,Long,1,64.76,66.26,12/10/2025 1:50:00 PM,12/10/2025 3:00:00 PM,Entry_Long,Profit target,$150.00,$7720.50,$0.00,$0.00,$0.00,$0.00,$0.00,$3.60,$193.75,$43.75,14,
176,MCL 12-26,Backtest,EsempioTrendCL,Short,1,64.63,65.43,12/26/2025 12:30:00 PM,12/26/2025 3:30:00 PM,Entry_Short,Stop loss,($80.00),$7640.50,$0.00,$0.00,$0.00,$0.00,$0.00,$87.74,$53.89,$133.89,36,
177,MCL 12-26,Backtest,EsempioTrendCL,Long,1,64.53,63.73,12/30/2025 9:10:00 AM,12/30/2025 10:00:00 AM,Entry_Long,Stop loss,($80.00),$7560.50,$0.00,$0.00,$0.00,$0.00,$0.00,$98.57,$49.47,$129.47,10,
178,MCL 12-26,Backtest,EsempioTrendCL,Short,1,64.49,63.40,1/5/2026 1:55:00 PM,1/5/2026 2:50:00 PM,Entry_Short,Exit on session close,$108.50,$7669.00,$0.00,$0.00,$0.00,$0.00,$0.00,$13.82,$128.93,$20.43,11,
179,MCL 12-26,Backtest,EsempioTrendCL,Long,1,64.47,65.55,1/7/2026 11:10:00 AM,1/7/2026 12:20:00 PM,Entry_Long,Exit on session close,$107.50,$7776.50,$0.00,$0.00,$0.00,$0.00,$0.00,$17.01,$127.55,$20.05,14,
180,MCL 12-26,Backtest,EsempioTrendCL,Long,1,64.37,65.87,1/15/2026 1:15:00 PM,1/15/2026 4:30:00 PM,Entry_Long,Profit target,$150.00,$7926.50,$0.00,$0.00,$0.00,$0.00,$0.00,$1.01,$174.02,$24.02,39,
181,MCL 12-26,Backtest,EsempioTrendCL,Long,1,64.04,65.54,1/19/2026 12:05:00 PM,1/19/2026 3:15:00 PM,Entry_Long,Profit target,$150.00,$8076.50,$0.00,$0.00,$0.00,$0.00,$0.00,$2.92,$164.36,$14.36,38,
182,MCL 12-26,Backtest,EsempioTrendCL,Long,1,64.61,63.81,1/22/2026 11:50:00 AM,1/22/2026 2:15:00 PM,Entry_Long,Stop loss,($80.00),$7996.50,$0.00,$0.00,$0.00,$0.00,$0.00,$93.55,$24.02,$104.02,29,
183,MCL 12-26,Backtest,EsempioTrendCL,Long,1,63.59,62.79,1/23/2026 12:40:00 PM,1/23/2026 3:35:00 PM,Entry_Long,Stop loss,($80.00),$7916.50,$0.00,$0.00,$0.00,$0.00,$0.00,$94.34,$43.81,$123.81,35,
184,MCL 12-26,Backtest,EsempioTrendCL,Short,1,63.13,62.35,1/28/2026 10:45:00 AM,1/28/2026 12:35:00 PM,Entry_Short,Exit on session close,$78.50,$7995.00,$0.00,$0.00,$0.00,$0.00,$0.00,$22.61,$83.34,$4.84,22,
185,MCL 12-26,Backtest,EsempioTrendCL,Long,1,62.28,61.48,1/29/2026 12:40:00 PM,1/29/2026 2:25:00 PM,Entry_Long,Stop loss,($80.00),$7915.00,$0.00,$0.00,$0.00,$0.00,$0.00,$87.94,$17.06,$97.06,21,
186,MCL 12-26,Backtest,EsempioTrendCL,Long,1,62.41,61.61,1/30/2026 9:10:00 AM,1/30/2026 10:45:00 AM,Entry_Long,Stop loss,($80.00),$7835.00,$0.00,$0.00,$0.00,$0.00,$0.00,$108.07,$7.86,$87.86,19,
187,MCL 12-26,Backtest,EsempioTrendCL,Short,1,60.71,61.51,2/3/2026 1:15:00 PM,2/3/2026 4:05:00 PM,Entry_Short,Stop loss,($80.00),$7755.00,$0.00,$0.00,$0.00,$0.00,$0.00,$95.61,$31.62,$111.62,34,
188,MCL 12-26,Backtest,EsempioTrendCL,Short,1,60.37,58.87,2/9/2026 1:55:00 PM,2/9/2026 2:25:00 PM,Entry_Short,Profit target,$150.00,$7905.00,$0.00,$0.00,$0.00,$0.00,$0.00,$12.10,$166.87,$16.87,6,
189,MCL 12-26,Backtest,EsempioTrendCL,Short,1,60.13,58.63,2/16/2026 11:55:00 AM,2/16/2026 2:35:00 PM,Entry_Short,Profit target,$150.00,$8055.00,$0.00,$0.00,$0.00,$0.00,$0.00,$17.97,$151.13,$1.13,32,
190,MCL 12-26,Backtest,EsempioTrendCL,Long,1,59.59,58.79,2/17/2026 9:40:00 AM,2/17/2026 10:25:00 AM,Entry_Long,Stop loss,($80.00),$7975.00,$0.00,$0.00,$0.00,$0.00,$0.00,$105.51,$33.32,$113.32,9,
191,MCL 12-26,Backtest,EsempioTrendCL,Long,1,60.16,59.36,2/18/2026 9:35:00 AM,2/18/2026 10:30:00 AM,Entry_Long,Stop loss,($80.00),$7895.00,$0.00,$0.00,$0.00,$0.00,$0.00,$93.27,$15.01,$95.01,11,
192,MCL 12-26,Backtest,EsempioTrendCL,Short,1,61.37,62.17,2/24/2026 12:30:00 PM,2/24/2026 1:15:00 PM,Entry_Short,Stop loss,($80.00),$7815.00,$0.00,$0.00,$0.00,$0.00,$0.00,$110.71,$50.31,$130.31,9,
193,MCL 12-26,Backtest,EsempioTrendCL,Long,1,61.28,60.48,3/9/2026 9:45:00 AM,3/9/2026 11:10:00 AM,Entry_Long,Stop loss,($80.00),$7735.00,$0.00,$0.00,$0.00,$0.00,$0.00,$104.34,$49.00,$129.00,17,
194,MCL 12-26,Backtest,EsempioTrendCL,Short,1,60.32,58.82,3/10/2026 11:45:00 AM,3/10/2026 12:40:00 PM,Entry_Short,Profit target,$150.00,$7885.00,$0.00,$0.00,$0.00,$0.00,$0.00,$17.48,$177.55,$27.55,11,
195,MCL 12-26,Backtest,EsempioTrendCL,Short,1,60.95,61.75,3/11/2026 11:35:00 AM,3/11/2026 1:10:00 PM,Entry_Short,Stop loss,($80.00),$7805.00,$0.00,$0.00,$0.00,$0.00,$0.00,$96.39,$12.39,$92.39,19,
196,MCL 12-26,Backtest,EsempioTrendCL,Long,1,60.53,60.59,3/16/2026 12:45:00 PM,3/16/2026 1:55:00 PM,Entry_Long,Exit on session close,$5.50,$7810.50,$0.00,$0.00,$0.00,$0.00,$0.00,$8.09,$18.89,$13.39,14,
197,MCL 12-26,Backtest,EsempioTrendCL,Long,1,59.89,59.09,3/19/2026 10:35:00 AM,3/19/2026 11:20:00 AM,Entry_Long,Stop loss,($80.00),$7730.50,$0.00,$0.00,$0.00,$0.00,$0.00,$93.36,$7.56,$87.56,9,
198,MCL 12-26,Backtest,EsempioTrendCL,Long,1,60.27,60.69,3/24/2026 11:00:00 AM,3/24/2026 12:10:00 PM,Entry_Long,Exit on session close,$41.50,$7772.00,$0.00,$0.00,$0.00,$0.00,$0.00,$0.23,$89.66,$48.16,14,
199,MCL 12-26,Backtest,EsempioTrendCL,Long,1,60.03,61.53,4/1/2026 11:25:00 AM,4/1/2026 1:25:00 PM,Entry_Long,Profit target,$150.00,$7922.00,$0.00,$0.00,$0.00,$0.00,$0.00,$19.35,$206.49,$56.49,24,
200,MCL 12-26,Backtest,EsempioTrendCL,Long,1,59.71,59.15,4/3/2026 12:05:00 PM,4/3/2026 1:55:00 PM,Entry_Long,Exit on session close,($56.50),$7865.50,$0.00,$0.00,$0.00,$0.00,$0.00,$80.29,$13.06,$69.56,22,
201,MCL 12-26,Backtest,EsempioTrendCL,Long,1,61.51,63.01,4/10/2026 1:15:00 PM,4/10/2026 3:55:00 PM,Entry_Long,Profit target,$150.00,$8015.50,$0.00,$0.00,$0.00,$0.00,$0.00,$11.05,$184.20,$34.20,32,
202,MCL 12-26,Backtest,EsempioTrendCL,Short,1,60.52,61.15,4/13/2026 11:35:00 AM,4/13/2026 12:10:00 PM,Entry_Short,Exit on session close,($63.00),$7952.50,$0.00,$0.00,$0.00,$0.00,$0.00,$92.39,$4.75,$67.75,7,
203,MCL 12-26,Backtest,EsempioTrendCL,Long,1,60.72,62.22,4/14/2026 12:15:00 PM,4/14/2026 1:05:00 PM,Entry_Long,Profit target,$150.00,$8102.50,$0.00,$0.00,$0.00,$0.00,$0.00,$3.75,$196.82,$46.82,10,
204,MCL 12-26,Backtest,EsempioTrendCL,Long,1,61.16,60.36,4/16/2026 11:35:00 AM,4/16/2026 2:50:00 PM,Entry_Long,Stop loss,($80.00),$8022.50,$0.00,$0.00,$0.00,$0.00,$0.00,$93.53,$46.53,$126.53,39,
205,MCL 12-26,Backtest,EsempioTrendCL,Short,1,61.13,59.63,4/17/2026 9:20:00 AM,4/17/2026 11:55:00 AM,Entry_Short,Profit target,$150.00,$8172.50,$0.00,$0.00,$0.00,$0.00,$0.00,$11.56,$184.52,$34.52,31,
206,MCL 12-26,Backtest,EsempioTrendCL,Long,1,61.84,61.43,4/23/2026 1:20:00 PM,4/23/2026 4:30:00 PM,Entry_Long,Exit on session close,($41.00),$8131.50,$0.00,$0.00,$0.00,$0.00,$0.00,$44.61,$44.38,$85.38,38,
207,MCL 12-26,Backtest,EsempioTrendCL,Short,1,62.67,61.17,4/29/2026 1:30:00 PM,4/29/2026 3:10:00 PM,Entry_Short,Profit target,$150.00,$8281.50,$0.00,$0.00,$0.00,$0.00,$0.00,$20.30,$184.41,$34.41,20,
208,MCL 12-26,Backtest,EsempioTrendCL,Long,1,62.34,63.84,5/1/2026 11:00:00 AM,5/1/2026 11:45:00 AM,Entry_Long,Profit target,$150.00,$8431.50,$0.00,$0.00,$0.00,$0.00,$0.00,$22.88,$207.39,$57.39,9,
209,MCL 12-26,Backtest,EsempioTrendCL,Long,1,62.07,62.48,5/4/2026 12:55:00 PM,5/4/2026 1:50:00 PM,Entry_Long,Exit on session close,$40.50,$8472.00,$0.00,$0.00,$0.00,$0.00,$0.00,$25.51,$96.99,$56.49,11,
210,MCL 12-26,Backtest,EsempioTrendCL,Long,1,62.46,63.27,5/5/2026 11:35:00 AM,5/5/2026 11:45:00 AM,Entry_Long,Exit on session close,$80.50,$8552.50,$0.00,$0.00,$0.00,$0.00,$0.00,$14.17,$95.40,$14.90,2,
211,MCL 12-26,Backtest,EsempioTrendCL,Long,1,63.80,65.30,5/6/2026 9:20:00 AM,5/6/2026 11:50:00 AM,Entry_Long,Profit target,$150.00,$8702.50,$0.00,$0.00,$0.00,$0.00,$0.00,$17.46,$200.83,$50.83,30,
212,MCL 12-26,Backtest,EsempioTrendCL,Long,1,63.14,64.64,5/7/2026 10:25:00 AM,5/7/2026 11:35:00 AM,Entry_Long,Profit target,$150.00,$8852.50,$0.00,$0.00,$0.00,$0.00,$0.00,$18.53,$206.82,$56.82,14,
213,MCL 12-26,Backtest,EsempioTrendCL,Long,1,63.04,63.86,5/8/2026 1:00:00 PM,5/8/2026 3:55:00 PM,Entry_Long,Exit on session close,$82.00,$8934.50,$0.00,$0.00,$0.00,$0.00,$0.00,$27.92,$118.26,$36.26,35,
214,MCL 12-26,Backtest,EsempioTrendCL,Short,1,62.34,61.82,5/13/2026 10:30:00 AM,5/13/2026 1:45:00 PM,Entry_Short,Exit on session close,$52.00,$8986.50,$0.00,$0.00,$0.00,$0.00,$0.00,$26.12,$89.98,$37.98,39,
215,MCL 12-26,Backtest,EsempioTrendCL,Long,1,62.35,63.85,5/18/2026 10:35:00 AM,5/18/2026 1:40:00 PM,Entry_Long,Profit target,$150.00,$9136.50,$0.00,$0.00,$0.00,$0.00,$0.00,$11.20,$197.14,$47.14,37,
216,MCL 12-26,Backtest,EsempioTrendCL,Long,1,62.24,62.59,5/21/2026 1:15:00 PM,5/21/2026 3:30:00 PM,Entry_Long,Exit on session close,$35.50,$9172.00,$0.00,$0.00,$0.00,$0.00,$0.00,$14.73,$47.89,$12.39,27,
217,MCL 12-26,Backtest,EsempioTrendCL,Long,1,61.42,62.39,5/25/2026 12:05:00 PM,5/25/2026 1:40:00 PM,Entry_Long,Exit on session close,$97.00,$9269.00,$0.00,$0.00,$0.00,$0.00,$0.00,$2.82,$114.36,$17.36,19,
218,MCL 12-26,Backtest,EsempioTrendCL,Long,1,62.40,63.90,5/27/2026 9:45:00 AM,5/27/2026 12:25:00 PM,Entry_Long,Profit target,$150.00,$9419.00,$0.00,$0.00,$0.00,$0.00,$0.00,$4.34,$152.73,$2.73,32,
219,MCL 12-26,Backtest,EsempioTrendCL,Long,1,61.91,63.41,6/1/2026 10:45:00 AM,6/1/2026 11:20:00 AM,Entry_Long,Profit target,$150.00,$9569.00,$0.00,$0.00,$0.00,$0.00,$0.00,$14.60,$207.74,$57.74,7,
220,MCL 12-26,Backtest,EsempioTrendCL,Short,1,62.74,61.24,6/22/2026 1:05:00 PM,6/22/2026 3:40:00 PM,Entry_Short,Profit target,$150.00,$9719.00,$0.00,$0.00,$0.00,$0.00,$0.00,$0.33,$204.21,$54.21,31,
221,MCL 12-26,Backtest,EsempioTrendCL,Long,1,62.62,62.24,6/23/2026 2:00:00 PM,6/23/2026 2:35:00 PM,Entry_Long,Exit on session close,($38.00),$9681.00,$0.00,$0.00,$0.00,$0.00,$0.00,$48.58,$13.99,$51.99,7,
222,MCL 12-26,Backtest,EsempioTrendCL,Short,1,62.05,62.85,7/1/2026 9:35:00 AM,7/1/2026 11:05:00 AM,Entry_Short,Stop loss,($80.00),$9601.00,$0.00,$0.00,$0.00,$0.00,$0.00,$80.40,$32.55,$112.55,18,
223,MCL 12-26,Backtest,EsempioTrendCL,Long,1,61.45,62.48,7/10/2026 9:05:00 AM,7/10/2026 10:00:00 AM,Entry_Long,Exit on session close,$103.50,$9704.50,$0.00,$0.00,$0.00,$0.00,$0.00,$31.24,$118.72,$15.22,11,
224,MCL 12-26,Backtest,EsempioTrendCL,Long,1,61.07,62.57,7/13/2026 12:55:00 PM,7/13/2026 2:25:00 PM,Entry_Long,Profit target,$150.00,$9854.50,$0.00,$0.00,$0.00,$0.00,$0.00,$24.34,$167.03,$17.03,18,
225,MCL 12-26,Backtest,EsempioTrendCL,Short,1,61.96,62.76,7/14/2026 10:00:00 AM,7/14/2026 12:00:00 PM,Entry_Short,Stop loss,($80.00),$9774.50,$0.00,$0.00,$0.00,$0.00,$0.00,$107.58,$9.93,$89.93,24,
226,MCL 12-26,Backtest,EsempioTrendCL,Short,1,62.07,60.57,7/15/2026 11:45:00 AM,7/15/2026 1:10:00 PM,Entry_Short,Profit target,$150.00,$9924.50,$0.00,$0.00,$0.00,$0.00,$0.00,$31.14,$203.62,$53.62,17,
227,MCL 12-26,Backtest,EsempioTrendCL,Long,1,62.67,62.29,7/16/2026 1:10:00 PM,7/16/2026 4:05:00 PM,Entry_Long,Exit on session close,($38.50),$9886.00,$0.00,$0.00,$0.00,$0.00,$0.00,$65.42,$44.83,$83.33,35,
228,MCL 12-26,Backtest,EsempioTrendCL,Short,1,62.74,63.54,7/20/2026 11:45:00 AM,7/20/2026 12:40:00 PM,Entry_Short,Stop loss,($80.00),$9806.00,$0.00,$0.00,$0.00,$0.00,$0.00,$111.84,$18.46,$98.46,11,
229,MCL 12-26,Backtest,EsempioTrendCL,Long,1,63.18,63.84,7/28/2026 9:05:00 AM,7/28/2026 12:20:00 PM,Entry_Long,Exit on session close,$66.00,$9872.00,$0.00,$0.00,$0.00,$0.00,$0.00,$19.36,$68.05,$2.05,39,
230,MCL 12-26,Backtest,EsempioTrendCL,Long,1,63.57,65.07,8/3/2026 12:25:00 PM,8/3/2026 1:15:00 PM,Entry_Long,Profit target,$150.00,$10022.00,$0.00,$0.00,$0.00,$0.00,$0.00,$16.50,$175.75,$25.75,10,
231,MCL 12-26,Backtest,EsempioTrendCL,Long,1,63.58,62.78,8/5/2026 1:50:00 PM,8/5/2026 3:20:00 PM,Entry_Long,Stop loss,($80.00),$9942.00,$0.00,$0.00,$0.00,$0.00,$0.00,$88.22,$31.41,$111.41,18,
232,MCL 12-26,Backtest,EsempioTrendCL,Long,1,63.41,62.61,8/7/2026 9:00:00 AM,8/7/2026 10:25:00 AM,Entry_Long,Stop loss,($80.00),$9862.00,$0.00,$0.00,$0.00,$0.00,$0.00,$83.20,$23.98,$103.98,17,
233,MCL 12-26,Backtest,EsempioTrendCL,Long,1,64.71,64.62,8/11/2026 11:30:00 AM,8/11/2026 2:15:00 PM,Entry_Long,Exit on session close,($9.00),$9853.00,$0.00,$0.00,$0.00,$0.00,$0.00,$26.81,$38.07,$47.07,33,
234,MCL 12-26,Backtest,EsempioTrendCL,Long,1,64.77,65.84,8/18/2026 10:05:00 AM,8/18/2026 11:50:00 AM,Entry_Long,Exit on session close,$107.00,$9960.00,$0.00,$0.00,$0.00,$0.00,$0.00,$30.77,$164.78,$57.78,21,
235,MCL 12-26,Backtest,EsempioTrendCL,Long,1,65.46,64.66,8/28/2026 11:15:00 AM,8/28/2026 11:45:00 AM,Entry_Long,Stop loss,($80.00),$9880.00,$0.00,$0.00,$0.00,$0.00,$0.00,$107.36,$33.66,$113.66,6,
236,MCL 12-26,Backtest,EsempioTrendCL,Long,1,66.49,65.89,9/1/2026 12:00:00 PM,9/1/2026 1:40:00 PM,Entry_Long,Exit on session close,($59.50),$9820.50,$0.00,$0.00,$0.00,$0.00,$0.00,$63.92,$36.77,$96.27,20,
237,MCL 12-26,Backtest,EsempioTrendCL,Long,1,66.60,65.80,9/4/2026 11:30:00 AM,9/4/2026 2:45:00 PM,Entry_Long,Stop loss,($80.00),$9740.50,$0.00,$0.00,$0.00,$0.00,$0.00,$96.52,$43.01,$123.01,39,
238,MCL 12-26,Backtest,EsempioTrendCL,Long,1,66.85,66.05,9/7/2026 9:30:00 AM,9/7/2026 10:55:00 AM,Entry_Long,Stop loss,($80.00),$9660.50,$0.00,$0.00,$0.00,$0.00,$0.00,$86.99,$26.00,$106.00,17,
239,MCL 12-26,Backtest,EsempioTrendCL,Short,1,66.72,67.30,9/8/2026 1:50:00 PM,9/8/2026 3:55:00 PM,Entry_Short,Exit on session close,($57.50),$9603.00,$0.00,$0.00,$0.00,$0.00,$0.00,$82.47,$49.48,$106.98,25,
240,MCL 12-26,Backtest,EsempioTrendCL,Short,1,65.82,66.62,9/14/2026 9:15:00 AM,9/14/2026 11:30:00 AM,Entry_Short,Stop loss,($80.00),$9523.00,$0.00,$0.00,$0.00,$0.00,$0.00,$90.98,$18.03,$98.03,27,
241,MCL 12-26,Backtest,EsempioTrendCL,Short,1,65.96,66.01,9/16/2026 1:00:00 PM,9/16/2026 2:15:00 PM,Entry_Short,Exit on session close,($5.00),$9518.00,$0.00,$0.00,$0.00,$0.00,$0.00,$29.19,$6.45,$11.45,15,
